Model,RMSE (m),MAE (m),R²,Performance Rank
AdaBoost,1.4983664711914857,1.3271621517428773,-0.07527311482298371,1
Gradient Boosting,1.6131602456076648,1.3014462517671628,-0.24634339421779883,2
Extra Trees,1.7431739873989907,1.5034750471781808,-0.45533899981766024,3
XGBoost,1.8531711505679664,1.5524889932433856,-0.6448024943590918,4
Random Forest,1.9925059364917665,1.7913174080674734,-0.9014370089854182,5
SVR,2.090794860245204,1.893990941836269,-1.0936570420846472,6
