Model,SSP2-4.5 Mean (m),SSP5-8.5 Mean (m),Mean Drawdown Increase (m),SSP2-4.5 Max Depth (m),SSP5-8.5 Max Depth (m),Max Drawdown Increase (m),SSP2-4.5 Min Depth (m),SSP5-8.5 Min Depth (m)
Random Forest,8.911990367805249,8.923742679706907,0.01175231190165782,8.990186428804048,8.999727064748344,0.009540635944295772,8.703006272750123,8.771068569247653
Gradient Boosting,6.930647038624205,6.989421846965443,0.05877480834123805,8.539643357751393,8.524847568047699,-0.014795789703693885,6.026405266690185,6.417548140263349
SVR,11.890391467145015,11.890391467145015,0.0,11.890391467145015,11.890391467145015,0.0,11.890391467145015,11.890391467145015
AdaBoost,9.245413011692428,9.272587803488513,0.027174791796085174,9.96844597388096,10.006747326921804,0.03830135304084337,8.142947879487508,8.755154246984898
XGBoost,7.684378147125244,8.031498908996582,0.3471207618713379,8.688220977783203,8.688220977783203,0.0,7.107636451721191,7.877917289733887
Extra Trees,9.388689569206651,9.471810010469982,0.08312044126333085,9.591823661526444,9.618156174758111,0.026332513231666965,8.63698779715253,8.791745684622144
